name,scientific_name,appearance,diet,threats,url,image_url,area_of_zoo,enclosure_status,iucn_status,order,family,region,habitat,Fact 1,Fact 2,Fact 3,Fact 4,Fact 5
Abdim's stork,Ciconia abdimii,"The Abdim’s stork is mainly black in colour, with a white chest and long grey legs, with red knees and feet. This species also has distinctive red and blue skin around its eyes and bill.","Insects such as caterpillars and swarming locusts, as well as small reptiles, amphibians and eggs.",Potential threats from habitat loss and urbanisation.,https://www.londonzoo.org/whats-here/animals/abdims-stork,https://cms.londonzoo.org/sites/default/files/styles/responsive/public/1920/2240/1/2022-12/Abdim%27s-stork.jpg.webp,Bird Safari,Temporarily closed,Least Concern,Ciconiiformes,Ciconiidae,Eastern Africa,Grasslands near water and dry zones,,,,,
African bullfrog,Pyxicephalus adspersus,"These frogs have large bodies with broad ridged backs and strong hind legs. The sexes can be identified through the colour of their underbellies. Females usually have creamy beige bellies, whilst the males tend to have yellow or orange bellies and throats. On all frogs the rest of the body is usually coloured olive green.","Invertebrates, lizards, birds and other small vertebrates - almost any small animals that will fit in their mouths!","Habitat loss, forest clearing.",https://www.londonzoo.org/whats-here/animals/african-bullfrog,https://cms.londonzoo.org/sites/default/files/styles/responsive/public/1920/2240/1/2022-11/bullfrog_0.jpg.webp,Unknown,Unknown,Least Concern,Anura,Pyxicephalidae,Unknown,"Savannah, subtropical or tropical dry shrubland","Dry savannah, moist savannah, subtropical or tropical dry shrubland..","Angola, Botswana, Kenya, Malawi, Mozambique, Namibia, South Africa, Swaziland, Tanzania, Zambia, and Zimbabwe..",,,
Alaotran gentle lemur,Hapalemur alaotrensis,"Gentle lemurs are small primates, covered in dense woolly fur. Their tails are as long as their bodies and their small, rounded features are very cute.","They are herbivores, enjoying papyrus grass and reeds.","The main threat to these animals is the loss of habitat. They can only be found in the papyrus marshes that surround Lake Alaotra. With fisherman and farmers burning and draining most of this land, the gentle lemur only has 13,000 ha of marsh left to live on.",https://www.londonzoo.org/whats-here/animals/alaotran-gentle-lemur,https://cms.londonzoo.org/sites/default/files/styles/responsive/public/1920/2240/1/2022-11/Gentle-lemur.jpg.webp,Rainforest Life,Open,Critically Endangered,Primates,Lemuridae,Madagascar,Tropical grasslands,"These lemurs like to live in family groups of one female, one male, and their offspring.","Like other lemurs, grooming forms a large part of socialising.",They use their hands and front teeth to collect are fleas and parasites out of their family member’s fur..,They can be found in the tropical grassland in Madagascar..,Book your ticket now to see an Alaotran gentle lemur at London Zoo.
Alpaca,Vicugna pacos,,"Grasses, shrubs and most types of vegetation they come in contact with. Like many animals that live in dry areas they get most of their moisture from food.","Coyotes, mountain lions and other big cats.",https://www.londonzoo.org/whats-here/animals/alpaca,https://cms.londonzoo.org/sites/default/files/styles/responsive/public/1920/2240/1/2022-11/shutterstock_1823447183.jpg.webp,The Farmyard,Open,Least Concern,Artiodactyla,Camelidae,South America,Mountains,"Mountainsides and valleys of the Andes, South America..","South America: Ecuador, Northern Chile, Bolivia and Peru..",Alpacas have a lifespan of 15 - 20 years..,"Meet our cheeky alpacas, which joined the zoo during the third Lockdown in 2021.",This furry male trio are all bursting with personality!.
Annam leaf turtle,Mauremys annamensis,"Annam leaf turtles have dark heads with three or four yellow stripes down the side, the carapace (upper shell) is dark brown while their plastron (underside of the shell) or orange with black marks on each scute.","Invertebrates, fish and occasionally aquatic vegetation.",Illegally hunted and traded for food and traditional medicine. They are also threatened due to habitat loss and modification.,https://www.londonzoo.org/whats-here/animals/annam-leaf-turtle,https://cms.londonzoo.org/sites/default/files/styles/responsive/public/1920/2240/1/2022-11/Annam-leaf-turtle.jpg.webp,The Secret Life of Reptiles and Amphibians,Open,Critically Endangered,Testudines,Geoemydidae,Vietnam,Freshwater,"When you visit London Zoo, you’re doing great things with your great day out.","We are more than just a zoo – we are part of ZSL, a global conservation charity..","We've supported the work of the Asian Turtle Programme, which aims to establish a safe and sustainable future for the Annam leaf turtle and other Asian turtles.  Our sister conservation Zoo, Whipsnade, coordinated the EEP for the Annam leaf turtle,.",,
Asian short-clawed otter,Aonyx cinereus,"These otters are the smallest of thirteen species of otter. These small otters, as their name suggests, have short claws that reach no further than their digits. These allow them to use their paws to effectively feel for food, such as crustaceans, in muddy banks. Extremely dexterous, Asian short-clawed otters catch their prey with their partially-webbed paws instead of with their mouth (unlike other otters).","You will often see these otters eating freshwater shrimps, crabs, mussels, frogs and snails.","Asian short-clawed otters are listed as vulnerable on the IUCN red list. They are under threat from water pollution, hunting, deforestation and habitat destruction.",https://www.londonzoo.org/whats-here/animals/asian-short-clawed-otter,https://cms.londonzoo.org/sites/default/files/styles/responsive/public/1920/2240/1/2022-11/LZ_Otters22Jan2020-2.png.webp,Pink Zone,Open,Vulnerable,Carnivora,Mustelidae,South east Asia,Freshwater wetlands and mangrove swamps,London Zoo is home to Asian short-clawed otters.,Matilda (or Tilly) and Pip came to London Zoo in 2019 and Matilda gave birth to two otter pups in April 2020..,,,
Asiatic Lion,Panthera leo persica,,"Asiatic lions' diet is made up of both large and small mammal prey such as deer, wild boar and antelope. They have also been known to feed on domestic cattle.","An Endangered species, wild Asiatic lions are today found in just one small area of Gujarat, India, where approximately 600 remain in a forest the size of London. Asiatic lions are particularly vulnerable because they live in one concentrated area and could be dramatically effected by unpredicted events such as a large forest fire. Poachers also pose a threat for these majestic creatures.",https://www.londonzoo.org/whats-here/animals/asiatic-lion,https://cms.londonzoo.org/sites/default/files/styles/responsive/public/1920/2240/1/2024-05/Luke-Capeling-lion_0.jpg.webp,Orange Zone,Open,Endangered,Carnivora,Felidae,"Gujuart, India",Dry forest,"London Zoo's Land of the Lions is home to five Asiatic lions, Bhanu and Arya and their three cubs who were born in Spring 2024..","Another key difference between Asiatic lions and African lions is their habitat. The Asiatic lions' last remaining stronghold is in the Gir Forest and surrounding area in Gujuart, India..",There are approximately 600 Asiatic lions left in their last remaining natural habitat.,Through ZSL we've built a legacy to protect the lions of the Gir Forest..,"Corporate partners such as Liontrust enable ZSL to care for Asiatic lions like Arya and Bhanu, and support partners in India to safeguard theses big cats in their last remaining wild habitat, the Gir Forest."
Aye-aye,Daubentonia madagascariensis,"The largest nocturnal primate, the aye-aye is a lemur with big eyes, ears and long clawed fingers.","Insect larvae, fruit, nectar, fungi and seeds.",Logging and farming are a risk to aye-aye habitats. They're also killed when they raid crops.,https://www.londonzoo.org/whats-here/animals/aye-aye,https://cms.londonzoo.org/sites/default/files/styles/responsive/public/1920/2240/1/2022-11/aye-aye_1.jpg.webp,Pink zone,Open,Endangered,Primates,Daubentonia madagascariensis,Madagascar,Tropical forest and rainforest,"The largest nocturnal primate, the aye-aye is a lemur with big eyes, ears and long clawed fingers..","Aye-ayes use their long, thin middle finger to forage for tasty beetle larvae from inside trees..",Step out of Rainforest Life and down into our Night Life area.,You'll discover nocturnal species that make the dark their home..,Book your ticket now to see an aye-aye at London Zoo.
Babirusa,Babyrousa babyrussa,,,"Bairusa's biggest threat is hunting. As their numbers continue to reduce, hunting is becoming more common deeper and deeper into their habitats.",https://www.londonzoo.org/whats-here/animals/babirusa,https://cms.londonzoo.org/sites/default/files/styles/responsive/public/1920/2240/1/2024-08/Babirusa%20London%20Zoo.jpg.webp,Unknown,Open,Endangered,Artiodactyla,Suidae,"Sulawesi, Indonesia",Lowland forest,The reason babirusas have tusks is a bit of a mystery.,"It was originally believed they helped males fight with each other, but babirusa don’t actually use their tusks to fight and instead get up onto their hind legs and box each other.",Babirusa tusks are also fragile and can’t withstand much pressure..,,
Big-headed turtle,Platysternon megacephalum,,"Insects, crabs, molluscs and fruit.",Illegal wildlife trade and habitat loss. There has been a dramatic increase in the illegal trade of this species with hundreds of individuals being seized annually on the Myanmar / China and Viet Nam / China borders.,https://www.londonzoo.org/whats-here/animals/big-headed-turtle,https://cms.londonzoo.org/sites/default/files/styles/responsive/public/1920/2240/1/2023-02/Big-headed-turtle-%28C%29-Benjamin-Tapley-ZSL-%285%29.jpg.webp,The Secret Life of Reptiles and Amphibians,Open,Critically Endangered,Testudines,Platysternidae,Southern China and northern mainland southeast Asia,Streams in mountain forests,We work with the Asian Turtle Program in Vietnam.,Together we have screened the genetics and assessed the health and released 300 big headed turtles that were seized from the illegal wildlife trade back into protected areas in northern Vietnam.,We have also gained new insights into the trade of this species around two protected areas in Vietnam..,,
Black-capped squirrel monkey,Saimiri boliviensis,"Squirrel monkey fur is short and close, coloured olive at the shoulders and yellowish orange on its back and extremities. Their throat and the ears are white and their mouths are black. The upper part of their head is hairy. This black and white face gives them their German name, 'skull monkeys'.","Mainly insects, topped up with fruit and seeds.","Small monkeys like these are a tasty treat for larger carnivores, so they seek safety by living in troops. The squirrel monkey’s status in the wild is threatened from use in biomedical research and as pets, bait and food. The pet trade is becoming an bigger problem for primates as a result of social media, you can help stop this by not liking or following primate pet posts.",https://www.londonzoo.org/whats-here/animals/black-capped-squirrel-monkeys,https://cms.londonzoo.org/sites/default/files/styles/responsive/public/1920/2240/1/2022-11/squirrel-monkey-%287%29-WR.jpg.webp,In with the Monkeys,Open,Least Concern,Primates,Cebidae,"Peru, Brazil and Bolivia",Amazon rainforest,"Rainforest, spending the majority of their time in the canopy occasionally scavenging on the forest floor..",,,,
Blue tree monitor,Varanus macraei,,,Collection for the international wildlife trade which is compounded by the restricted range of this species makes it particularly vulnerable to overexploitation.,https://www.londonzoo.org/whats-here/animals/blue-tree-monitor,https://cms.londonzoo.org/sites/default/files/styles/responsive/public/1920/2240/1/2022-12/shutterstock_1269956602.jpg.webp,The Secret Life of Reptiles and Amphibians,Open,Endangered,Squamata,Varanidae,Indonesia,Forest,"Blue tree monitors are very intelligent, and are known for their ability to problem solve.","Our blue tree monitor, called Ayem after their native home, is given puzzle boxes to test his cognitive skills and find food..",,,
Brown-nosed coati,Nasua nasua,"Coatis are members of the racoon family. Brown-nosed coatis - also known as South American coatis - have brown, grey or rust-red coats and a long brown and yellow ringed tail which they use to balance as they climb and walk across slim branches.","As opportunistic feeders, coatis eat whatever is available to them depending on the season. This includes a variety of fruit and invertebrates like spiders, crabs and millipedes. They will also eat lizards, snakes, eggs and rodents.","Coatis are currently classified as Least Concern on the IUCN Red List, but face the threat of habitat loss due to deforestation. These animals are also hunted by locals for their meat.",https://www.londonzoo.org/whats-here/animals/brown-nosed-coati,https://cms.londonzoo.org/sites/default/files/styles/responsive/public/1920/2240/1/2022-11/LZ-Coati-3-august-2018-1.png.webp,Orange Zone,Open,Least Concern,Carnivora,Procyonidae,South America,Forest and forest edges,,,,,
Bush baby,Galago moholi,,"Gum that oozes out of acacia trees, and invertebrates like butterflies, moths, and beetles.","There are no major threats to the species, and their range is expanding in some areas.",https://www.londonzoo.org/whats-here/animals/bushbaby,https://cms.londonzoo.org/sites/default/files/styles/responsive/public/1920/2240/1/2023-03/shutterstock_1253404.jpg.webp,Night Life,Open,Least Concern,Primates,Galagidae,Southern Africa,Savannah woodlands,,,,,
Caiman lizard,Dracaena guianensis,"The caiman lizard is a colourful creature, featuring a dark orange/red head which blends into a green on the main part of its body and then to a black or brown on its tail.  They are covered in large scales, similar to a crocodile.","Snails, insects and crabs.","This species was previously hunted for its skin, but since protection was introduced in the 1970s they are no longer thought to be threatened with extinction.",https://www.londonzoo.org/whats-here/animals/caiman-lizard,https://cms.londonzoo.org/sites/default/files/styles/responsive/public/1920/2240/1/2022-11/shutterstock_330818315.jpg.webp,The Secret Life of Reptiles and Amphibians,Open,Least Concern,Squamata,Teiidae,Nothern South America,Rainforest and swampland,"From king cobras to Ethiopian mountain adders and Philippine Crocodiles, we have something for every reptile lover..",,,,
Chapman's zebra,Equus quagga,"The Chapman’s zebra is a medium subspecies of the zebra group. With some of the most famously patterned coats in the world, no two zebras ever have the same stripe pattern, and Chapman's zebras have faint brown stripes between their black stripes.","Mostly grass, leaves, bark and buds.","Chapman's zebras are identified as Near Threatened on the IUCN Red List. They are poached for their skins and sometimes bushmeat, and African lions and African wild dogs often prey on them.",https://www.londonzoo.org/whats-here/animals/chapmans-zebra,https://cms.londonzoo.org/sites/default/files/styles/responsive/public/1920/2240/1/2022-11/A%20Chapman%27s%20zebra%20at%20London%20Zoo.png.webp,Pink Zone,Open,Near Threatened,Perissodactyla,Equidae,South western Africa and Zimbabwe,Grassy plains,"There are three species of zebra and London Zoo is home to Chapman's zebras, also known as plains zebras..",,,,
Giant salamander,Andrias davidianus,,,"Chinese giant salamanders have been overexploited for the luxury food market, farming practices may be causing hybridisation of different species and they are being over harvesting from the wild. They are also decreasing as a result of habitat loss.",https://www.londonzoo.org/whats-here/animals/chinese-giant-salamander,https://cms.londonzoo.org/sites/default/files/styles/responsive/public/1920/2240/1/2022-12/A%20Chinese%20giant%20salamander%20at%20London%20Zoo%20Luke%20Capeling%2C%20ZSL%20Member.png.webp,The Secret Life of Reptiles and Amphibians,Open,Critically Endangered,Caudata,Cryptobranchidae,China,Streams and rivers in forested areas,"Chinese giant salamanders eat worms, crustaceans, insect larvae and small  vertebrates, such as fish and frogs.","They hunt using a gape and suck method, their throat expands, and then they open their mouth to cause suction to drag in water and prey..","Our Chinese giant salamander 'Professor Lew' arrived in 2016 via the UK’s Border Force, who having prevented an attempt to illegally import the youngster into the country, asked the Zoo to act as its guardians. We’re proud to be the only zoo in the UK to have a Chinese giant salamander in residence, even though the back story of how this creature came here in the first place is such a sad one..","At ZSL, we are developing possible routes to recovery, creating a new future for this ancient species..",
Desert locust,Schistocerca gregaria,"Desert Locusts are flying insect are typically yellow/brown in colour, with a long body, six limbs and a set of large wings that stretch the length of their body. Desert locus head and body are yellow, while their wings feature brown dots. They’re heads also feature large eyes.","Desert locusts feed on leaves, grain, shoots, flowers, fruit, seeds, stems and bark.",Predators and pesticides.,https://www.londonzoo.org/whats-here/animals/desert-locust,https://cms.londonzoo.org/sites/default/files/styles/responsive/public/1920/2240/1/2022-11/shutterstock_2026375217%20%281%29.jpg.webp,Tiny Giants,Open,Least Concern,Orthoptera,Acrididae,Primarily Africa and Asia,Deserts and dry grasslands,"Primarily based in Africa, Asia and the Middle East, covering more than 60 countries..",,,,
Domestic Bactrian camel,Camelus bactrianus,"Camels have broad feet to walk easily on desert sand. They also have long eyelashes and nostrils that can be closed to protect them from the sand. When there is plenty of food to eat, camels build up fat in their humps. Unlike their Middle Eastern cousins, they have two humps. Able to withstand incredible temperatures ranging from 40C to -30C, they grown a dense shaggy coat  that they shed in the spring to keep cool.","Leaves, grasses, shrubs.",,https://www.londonzoo.org/whats-here/animals/domestic-bactrian-camel,https://cms.londonzoo.org/sites/default/files/styles/responsive/public/1920/2240/1/2022-11/a-camel-at-ZSL-London-Zoo-website.jpg.webp,Orange zone,Open,Not Evaluated,Cetartiodactyla,Camelidae,Unknown,Desert,"Yes, London Zoo is home to two domestic Bactrian camels, Genghis and Noemie - look out for them in the Orange Zone of the Zoo..",The domestic Bactrian camel has two humps..,The domestic Bactrian camel has two humps..,Book your tickets now to see domestic Bactrian camels at London Zoo.,
Dwarf mongoose,Helogale parvula,ZSL wildlife conservation in Africa,Zoo conservation stories,Humans sometimes hunt dwarf mongoose for food or because they view them as pests because in places where they live close to humans they will raid poultry farmers eggs.,https://www.londonzoo.org/whats-here/animals/dwarf-mongoose,https://cms.londonzoo.org/sites/default/files/styles/responsive/public/1920/2240/1/2023-12/Dwarf%20Mongoose%20Mid%20Shot%20LZ%202.jpg.webp,Pink zone,Open,Least Concern,Carnivora,Herpestidae,East and south central Africa,Wooded savannahs and open woodlands,,,,,
Eastern black-and-white colobus,Colobus guereza,These long-tailed monkeys have a largely black coat with a fringe of long white hairs and a large white tuft at the end of the tail.,"Leaves, fruit and flowers.","Deforestation and hunting by eagles, leopards, chimpanzees and by humans for their skins.",https://www.londonzoo.org/whats-here/animals/eastern-black-and-white-colobus,https://cms.londonzoo.org/sites/default/files/styles/responsive/public/1920/2240/1/2022-11/DSC_6319-Edit.jpg.webp,Pink zone,Open,Least Concern,Primates,Cercopithecidae,Equatorial Africa,"Forest, woodlands, or wooded grasslands",Book your tickets now to see our eastern black-and-white colobus monkeys at London Zoo.,"Forest, woodlands, or wooded grasslands..",Equatorial Africa..,You can find our troop off high-flying colobus monkeys in their Monkey Valley home..,
Eastern white pelican,Pelecanus onocrotalus,,Fish.,People are a threat when they disturb pelicans and destroy their habitat.,https://www.londonzoo.org/whats-here/animals/eastern-white-pelican,https://cms.londonzoo.org/sites/default/files/styles/responsive/public/1920/2240/1/2022-11/Pair-of-pelicans-at-London-Zoo.jpg.webp,Orange zone,Open,Least Concern,Pelecaniformes,Pelecanidae,"South East Europe, Africa and Asia","Lakes and marshes, river mouths and along coastlines",A large bird with the famous pelican beak.,This huge beak is characterised by the skin underneath that allows the pelican to hold large volumes of water.,It has a large wingspan and white features..,They use their large bills to scoop up fish..,"Lakes and marshes, river mouths and along coastlines."
Emperor scorpion,Pandinus imperator,,"A wide range of species including insects, lizards and occasionally small mammals.","They are at risk of being over harvested for the pet trade, and emperor scorpions are protected by CITES to prevent over-collecting.",https://www.londonzoo.org/whats-here/animals/emperor-scorpion,https://cms.londonzoo.org/sites/default/files/styles/responsive/public/1920/2240/1/2022-11/Sansa-the-scorpion-%28c%29ZSL.jpg.webp,Tiny Giants,Open,Data Deficient,Scorpiones,Scorpionidae,West Africa,Unknown,"A wide range of species including insects, lizards and occasionally small mammals..","Emperor scorpions are unlikely to sting, and their sting is not powerful and is similar to a bee sting.","As a general rule scorpions with larger claws have less powerful stings, because they are more dependent on their claws for hunting, whereas scorpions with small claws often have the most dangerous stings..",6-8 year lifespan.,20cm.
Fen raft spider,Dolomedes plantarius,"Fen raft spiders are fairly large, typically the size of your palm. The majority of their body is brown in colour with a beige coloured stripe down either side and speckled legs.","These spiders eat insects trapped at the water surface, tadpoles and occasionally fish.","Fen raft spiders are listed as vulnerable on the IUCN red list of threatened species. As part of London Zoo’s worldwide conservation work, our zookeepers worked with Natural England to rear tiny fen raft spiderlings into adults, which were then reintroduced back to the wild.",https://www.londonzoo.org/whats-here/animals/fen-raft-spider,https://cms.londonzoo.org/sites/default/files/styles/responsive/public/1920/2240/1/2023-01/Fen%20Raft%20Spider%20%28c%29ZSLLondonZoo%20resized.jpg.webp,Tiny Giants,Open,Vulnerable,Araneae,Pisauridae,Unknown,Unknown,"Fen raft spiders are only found in three small sites in the UK (East Anglia, Sussex and south Wales), and small populations in Central Europe.",They live in wetland habitats..,,,
Galapagos tortoise,Chelonoidis sp.,,"A range of vegetation including grasses, cactus and leaves. They have been known to eat unusual foods that are dangerous to humans such as fruits from the manzanillo tree. On occasion, in a bid for extra protein, these herbivores have been documented eating small birds.","Introduced species such as feral dogs, cats and rats prey on young tortoises before they have a chance to fully develop their protective shell. Wild grazing animals such as pigs and goats also strip areas of vegetation making nests more vulnerable.",https://www.londonzoo.org/whats-here/animals/galapagos-tortoises,https://cms.londonzoo.org/sites/default/files/styles/responsive/public/1920/2240/1/2022-11/galapagos%20tortoise%20for%20website%20%281%29.jpg.webp,Giants of Galapagos,Open,Endangered,Testudines,Testudinidae,South America,Grasslands and deserts,"Galapagos tortoises can live up to 177 years old, meaning Galapagos tortoises some alive today would have around since before the American civil war..",,,,
Giant African land snail,Achatina achatina,,"African land snails eat plant matter but also occasionally dead animal remains and egg shells. They can even eat stones, sand, bones and concrete in order to get calcium for their shell. This makes helps make their shells especially tough, as they can blow out car tyres and turn into projectiles when they encounter lawnmower blades.",,https://www.londonzoo.org/whats-here/animals/giant-african-land-snail,https://cms.londonzoo.org/sites/default/files/styles/responsive/public/1920/2240/1/2022-11/A%20giant%20African%20land%20snail%20website.jpg.webp,Tiny Giants,Open,Least Concern,Stylommatophora,Achatinidae,West Africa,Forests,Giant African land snail lifespan of about 5-7 years..,Since 1994 we’ve been co-ordinating the conservation breeding programme for 25 species of partula snail in 16 zoos worldwide..,,,
Giraffe,Giraffa camelopardalis,,"Leaves, bark and buds","Giraffes face threats including poaching, illegal wildlife trade, getting caught in snares and habitat encrocahment from surrounding human settlements and unsustainable wood harvesting.",https://www.londonzoo.org/whats-here/animals/giraffe,https://cms.londonzoo.org/sites/default/files/styles/responsive/public/1920/2240/1/2022-11/Giraffes-at-London-Zoo.jpg.webp,Pink zone,Open,Varied,Cetartiodactyla,Giraffidae,Southern Africa,Bushy Savannah,"Giraffes act as the savannah’s alarm system.  With their long necks reaching above the treeline, they see danger first.",When they start running the rest of the plain knows to run too.,They can run at a pace of ten miles an hour for considerable distances and sprint as fast as 35 miles an hour in a short burst if threatened.,Giraffes spend the majority of their time grazing and digest their food similarly to cows – regurgitating and chewing.,"They only need to drink once every few days, getting much of their hydration from food."
Golden orb weaver,Nephila edulis,"The Golden Orb Weavers vary in colour from red to greenish yellow, along with bright white patches on their head and body and striped legs. There distinctive colourings are a warning sign to potential predators.","Feed mainly on flying insects, but have even been seen to catch birds.",,https://www.londonzoo.org/whats-here/animals/golden-orb-weaver,https://cms.londonzoo.org/sites/default/files/styles/responsive/public/1920/2240/1/2022-12/Golden-Orb-Spider.jpg.webp,Tiny Giants,Open,Not Evaluated,Araneae,Araneidae,Australasia,Unknown,"One of the largest scorpions in the world, and they carry their young on it's backs when they are born..","Behind the scenes with our zookeeper, Dave Clarke, as he carries out important scientific and conservation work whilst caring for our animals.","One of the largest orb weaving spiders, which can spin webs up to 1 metre wide.",The female spiders are six times bigger than the males..,
Greater flamingo,Phoenicopterus roseus,,"Insects, shrimp-like animals and tiny plants.","The main threat is from people destroying their habitat, as they have few predators.",https://www.londonzoo.org/whats-here/animals/greater-flamingo,https://cms.londonzoo.org/sites/default/files/styles/responsive/public/1920/2240/1/2022-11/LZ-Flamingos-1-april-2019--%281%29.jpg.webp,Pink zone,Open,Least Concern,Phoenicopterifor mes,Phoenicopteridae,"Southern Europe, Central Asia, North West India, Southern Africa","Shallow lakes, coastal lagoons and mudflats","Shallow lakes, coastal lagoons and mudflats..","Shallow lakes, coastal lagoons and mudflats..","Southern Europe, Central Asia, North West India, Southern Africa..",This stance is thought to keep the hidden leg warm among their feathers.,"On very hot days at London Zoo, visitors can often see the flamingos standing on both legs.."
Hanuman langur,Semnopithecus entellus,"Hanuman langurs are large furry primates that are mainly grey in colour, with black faces and ears.","Mainly herbivores, their wide-ranging diet consists of leaves, shrubs, shoots, roots, fruit and seeds, to name a few! They also eat spider webs, termite mounds and insect larvae.","Hanuman langurs face a number of threats from activities such as mining and firewood collection, as well as habitat loss and urbanisation.",https://www.londonzoo.org/whats-here/animals/hanuman-langur,https://cms.londonzoo.org/sites/default/files/styles/responsive/public/1920/2240/1/2022-11/LZ-Kamala%27s-Birthday-20-july-2018-2.png.webp,Orange Zone,Open,Least Concern,Primates,Cercopithecidae,"Bhutan, northern India and Nepal",Both moist deciduous forests and oak forests in high altitudes,"London Zoo is home to a variety of species of primate from around the world, including a family of Hanuman langurs - also known as northern plains grey langurs - who can be found in Land of the Lions in the Zoo's orange zone..",,,,
Harvest mouse,Micromys minutus,"They are a small mouse, only 55-75 mm in length and weighing just 6-8 grams!  Most of their fur is brown with a red or yellow tinge whilst their underside has white fur.  They have a long tail which is furless at the end.  They have large eyes and ears and wide feet.",,"Harvest mice are currently listed as Least concern on the Endangered list, however, modern agriculture such as using machinery (combine harvesting), spraying, harvests being collected earlier and stubble burning are a threat to them as these practices result in habitat loss and fragmentation for the Harvest mice.  In some areas in the UK the species is considered Vulnerable.",https://www.londonzoo.org/whats-here/animals/harvest-mouse,https://cms.londonzoo.org/sites/default/files/styles/responsive/public/1920/2240/1/2024-04/Harvest%20Mouse%201.jpg.webp,Night Life,Unknown,Least Concern,Rodentia,Muridae,Europe and Northern Asia,Tall grasses,Harvest mice are widespread throughout Europe and Northern Asia..,In 2024 we welcomed two females and one male harvest mice at London Zoo.,Since they are mostly nocturnal animals you can find them in the Night Life habitat area of the zoo..,"If you live near farmland, Harvest mice may visit your garden searching for food and a place to make a nest.",Leaving some areas of tall undisturbed grasses in you garden can help to provide a habitat for them..
Honeybee,Apis mellifera,"Honeybees' bodies are made up of three parts, a head, a thorax and an abdomen and feature black and brown stripes. As infants, they hatch from cells of honeycomb in their hives in a pupal form, just like caterpillars - before emerging into the busy buzzing fully-grown bees we see flying around less and less, these days.","Different species of bee, of which there are thousands, have varying tastes for pollen and nectar from their plants of choice. They'll spend all year collecting from buds and blooms to make honey in their hive cells which are carefully sealed and stored away to feed themselves over the colder winter months.","Honeybees are under threat from pests and parasites, but more recently Colony Collapse Disorder is proving to be a bigger problem. This is a phenomenon whereby worker bees from the colony suddenly disappear. Changes in habitat management and gardening habits have also left bees struggling to find sources of food. You can help them by planting some of their favourite plants like honeysuckle, lavender and sage.",https://www.londonzoo.org/whats-here/animals/honeybee,https://cms.londonzoo.org/sites/default/files/styles/responsive/public/1920/2240/1/2023-01/shutterstock_1667933926%20%281%29.jpg.webp,Tiny Giants,Open,Not Evaluated,Hymenoptera,Apidae,Unknown,Trees and flowering plants,"Nestled away in cosy hives, you can find honeybees across Europe, the Middle East and Africa.","None of this sub-species of bee are native to the Americas, where you'll find different sub-species instead.","Take a closer look next time you see a bee, the UK alone is home to over 270 different species, some who even work alone - they're known as 'solitary bees'..","Nestled away in cosy hives, you can find honeybees across Europe, the Middle East and Africa.","None of this sub-species of bee are native to the Americas, where you'll find different sub-species instead."
Humboldt penguin,Spheniscus humboldti,Humboldts are medium-sized penguins. They have black heads with a white stripe on either side and pink skin around their eyes and base of the bill.,Small fish and crustaceans,"Numbers in the wild are declining. They are at risk from disturbance of colonies by Guano harvesting. Guano (penguin droppings) is a valuable fertiliser and is harvested periodically from many colonies.  They are also threatened by pollution from oil spills, overfishing, and habitat loss. Humboldt penguins are hunted by seals, sealions and sharks.",https://www.londonzoo.org/whats-here/animals/humboldt-penguin,https://cms.londonzoo.org/sites/default/files/styles/responsive/public/1920/2240/1/2022-11/Penguin%20BEach.JPG.webp,Penguin Beach,Open,Vulnerable,Sphenisciformes,Spheniscidae,Chile and Peru,Oceans and coastlines,"At sea, but nests on rocky coasts, burrowing holes in guano and also using scrape nests or caves..",Coastal Peru and Chile..,"Penguins can't fly, and on land they are known and loved for their clumsy waddles – but when it comes to swimming, they gracefully “fly” through the water..",,
Hyacinth macaw,Anodorhynchus hyacinthinus,Not only is it the largest parrot but it is also one of the prettiest. They have deep blue feathers with distinctive yellow markings near their eyes and black beaks.,"Palm nuts, seeds and fruit",Habitat destruction and illegal trapping for their feathers and live bird trade.,https://www.londonzoo.org/whats-here/animals/hyacinth-macaw,https://cms.londonzoo.org/sites/default/files/styles/responsive/public/1920/2240/1/2022-11/Hyacinth-Macaw.jpg.webp,Orange zone,Open,Vulnerable,Psittaciformes,Psittacidae,Brazil,Lightly wooded country and palm savannah.,Hyacinth macaws are the largest parrots in the world..,Lightly wooded country and palm savannah..,Brazil..,Book your ticket now to see a hyacinth macaw at London Zoo.,
King cobra,Ophiophagus hannah,"King cobras are either olive-green, tan or black in colour. They have a pale underside and are covered in smooth scales.",They feed on other snakes and occasionally lizards.,"The king cobra is, at risk from the harvesting of individuals for skin and traditional Chinese medicine. In some places it is also suffers high levels of persecution by humans.",https://www.londonzoo.org/whats-here/animals/king-cobra,https://cms.londonzoo.org/sites/default/files/styles/responsive/public/1920/2240/1/2022-11/King-cobra.jpg.webp,The Secret Life of Reptiles and Amphibians,Open,Vulnerable,Squamata,Elapidae,India through Southeast Asia,Forests,"This species is found in a variety of habitats, primarily in pristine forests, but it can also be found in degraded forest, mangrove swamps and even agricultural areas with remnants of woodland..",18.5ft to 18.8ft average length.,"The largest and heaviest reptile in the world, which can eat up to 80% of its body weight in just one feeding..","With a lifespan of 177 years old, some Galapagos tortoises alive today would have around since before the American civil war..","Blue tree monitors are known for their amazing puzzle solving intelligence, and are isolated to a small island in Indonesia, which is around the same size as the Isle of Wight.."
Komodo dragon,Varanus komodoensis,,"Live prey and carrion including reptiles, birds, eggs, mammals, baby dragons and even occasional people.","Limited habitat and illegal hunting for trophies, skins and feet. We contribute towards the Komodo survival programme which is working to determine the range of the species in Indonesia, and better understand Komodo dragon ecology and engage with the local community.",https://www.londonzoo.org/whats-here/animals/komodo-dragon,https://cms.londonzoo.org/sites/default/files/styles/responsive/public/1920/2240/1/2022-11/komodo%20dragon%20website.jpg.webp,Komodo Dragon House,Open,Endangered,Squamata,Varanidae,Indonesia,Arid forest and savannah,"Found mainly on the Indonesian islands of Komodo, Rintja, Padar, and Flores..",,,,
Lake Oku clawed frog,Xenopus longipes,,,"The high likelihood of fish introduction is constant threat for the Lake Oku frog, and their habitat is at risk of degradation which could cause a decline in water quality and increased risk of disease.",https://www.londonzoo.org/whats-here/animals/lake-oku-clawed-frog,https://cms.londonzoo.org/sites/default/files/styles/responsive/public/1920/2240/1/2022-11/Female-Lake-Oku-Clawed-Frog-%28c%29BenTapley_ZSL-%282%29.jpg.webp,The Secret Life of Reptiles and Amphibians,Open,Critically Endangered,Anura,Pipidae,Cameroon,Freshwater lake,A freshwater lake in the mountains which has an average depth of 32m..,A freshwater lake in the mountains which has an average depth of 32m..,,,
Lake Patzcuaro salamander,Ambystoma dumerilii,,Aquatic invertebrates and small fish.,"Pollution of the lake that the species inhabits is the major threat to its survival. Predatory fish have been introduced into the lake, which might be a major problem for this species. The water level has dropped substantially, and consequently the water temperature has increased.",https://www.londonzoo.org/whats-here/animals/lake-patzcuaro-salamander,https://cms.londonzoo.org/sites/default/files/styles/responsive/public/1920/2240/1/2023-02/Dumeril%27s-salamander-%28C%29-ZSL-%281%29.jpg.webp,The Secret Life of Reptiles and Amphibians,Open,Critically Endangered,Caudata,Ambystomatidae,Mexico,Lake Patzcuaro in Mexico,The species is maintained within four local captive breeding colonies in Mexico and also within several European and American Zoos.,"These populations, particularly those in Mexico, have conservation relevance and also provide opportunity to study the species behaviour and biology in order to inform conservation planning..",,,
Leafcutter ants,Atta cephalotes,,"Leafcutter ants eat a unique type of fungus, which they farm in fungus gardens and feed with a compost made out of the leaves they cut. They were farming millions of years before humans!",,https://www.londonzoo.org/whats-here/animals/leafcutter-ant,https://cms.londonzoo.org/sites/default/files/styles/responsive/public/1920/2240/1/2022-11/cat4-832748-zapp-a-giant-trophy-for-a-small-ant-8bit-300ppi-14309.jpg.webp,Tiny Giants,Open,Least Concern,Hymenoptera,Formicidae,Americas,Rainforest,"Leafcutter ants eat a unique type of fungus, which they farm in fungus gardens and feed with a compost made out of the leaves they cut.",They were farming millions of years before humans!.,"Central and South America, Mexico and parts of the southern United States..",,
Linne's two-toed sloth,Choloepus didactylus,"The two-toed sloth, named because of the two long claws it possesses on its forelimbs, has long, course, caramel and cream-coloured hair.",,,https://www.londonzoo.org/whats-here/animals/linnes-two-toed-sloth,https://cms.londonzoo.org/sites/default/files/styles/responsive/public/1920/2240/1/2022-11/Marilyn%20the%20sloth%20at%20ZSL%20London%20Zoo.jpg.webp,Pink zone,Open,Least Concern,Pilosa,Megaloychidae,Central and South America,Tropical forests,Sloths are wonderful mammals with some strange features that really make them stand out.,Here are just a few curious facts:.,"Rainforest Life is home to a family of two-toed sloths, Marilyn and Leander, and baby Nova..","Leaves, twigs and fruit..",In rainforest trees..
Llama,Llama glama,"Relatively large and intimidating mammals, llamas have long necks and aggressive protruding lower incisors. Their coat patterns vary in colour and their thick wool is perfect for warm fleece They have padded feet that allow them to graze areas without doing too much damage.","Grasses, shrubs and most types of vegetation they come in contact with. Like many animals that live in dry areas they get most of their moisture from food.","Coyotes, mountain lions and other big cats",https://www.londonzoo.org/whats-here/animals/llama,https://cms.londonzoo.org/sites/default/files/styles/responsive/public/1920/2240/1/2022-11/Tiggy%20the%20llama%20website.jpg.webp,The Farmyard,Open,Least Concern,Artiodactyla,Camelidae,South America,Grassland and shrubland,Andean highland plateaus covered in low vegetation.,"South America: Argentina, Ecuador, Chile, Bolivia and Peru.",,,
Madagascar orb weaver,Nephila inaurata madagascariensis,,Feed mainly on flying insects.,,https://www.londonzoo.org/whats-here/animals/madagascar-orb-weaver,https://cms.londonzoo.org/sites/default/files/styles/responsive/public/1920/2240/1/2022-11/SG9A4046.jpg.webp,Tiny Giants,Open,Data Deficient,Araneae,Araneidae,Madagascar,Forest,Feed mainly on flying insects..,1-2 year lifespan.,,,
Malagasy giant jumping rat,Hypogeomys antimena,,,The Malagasy giant jumping rat is one of the most endangered mammals in Madagascar. Loss of rainforest to rice paddies leaves these rats nowhere to live.,https://www.londonzoo.org/whats-here/animals/malagasy-giant-jumping-rat,https://cms.londonzoo.org/sites/default/files/styles/responsive/public/1920/2240/1/2022-11/giant-jumping-rat.jpg.webp,Pink zone,Open,Critically Endangered,Rodentia,Nesomyidae,Madagascar,Unknown,"The largest rodent in Madagascar, the giant jumping rat lives in burrows of complex tunnels.","Despite its name, and ability to jump, its usual mode of moving is to walk.",A breeding programme across zoos is helping boost their numbers..,Fallen fruit.,These rats dig themselves long burrows like rabbit warrens.
Mallorcan midwife toad,Alytes muletensis,,Mallorcan midwife toads eat small invertebrates.,"The major threats to this species are predation by the introduced Viperine Snake (Natrix maura), and competition for space with the introduced Perez's Frog (Rana perezi). Development of tourism and human settlements, specifically the increased need for water resources (including damming and canalization of streams), is an additional threat, as is high human pressure on karstic creeks for recreational purposes, with the potential for the spread of disease agents. Chytridiomycosis is considered to be a major threat.",https://www.londonzoo.org/whats-here/animals/mallorcan-midwife-toad,https://cms.londonzoo.org/sites/default/files/styles/responsive/public/1920/2240/1/2023-02/Mallorcan-midiwfe-toad-%28C%29-Charlotte-Ellis-ZSL-%281%29.jpg.webp,The Secret Life of Reptiles and Amphibians,Open,Endangered,Anura,Alytidae,Northern Mallorca,Small mountain streams,"Our reptile and amphibian team have developed husbandry techniques, we have published on the reproductive biology of this species and we are currently working on a study using this organism as a model to ascertain whether or not UVB provision is important for larval development with the aim of informing the captive husbandry for all amphibians. ZSL and partners focus on mitigating against this disease in nature for many years and in 2016 the causative agent of the disease was successfully removed from one site..",,,,
Mangshan pit viper,Protobothrops mangshanensis,,,"The exotic pet trade is one of the biggest threats to Mangshan vipers, as their striking colours make them sought after by hobbyists. The international trade in this species is now regulated by CITES. Deforestation between the 1950s and the 1980s has reduced their habitat, and there may only be 500 remaining in the wild.",https://www.londonzoo.org/whats-here/animals/mangshan-pit-viper,https://cms.londonzoo.org/sites/default/files/styles/responsive/public/1920/2240/1/2024-02/Mangshan-pit-viper.jpg.webp,The Secret Life of Reptiles and Amphibians,Open,Endangered,Squamata,Unknown,Unknown,Unknown,,,,,
Mexican red-kneed tarantula,Brachypelma hamorii,"When fully grown, these spiders have a dark-coloured body with orange patches on the joints of their legs, giving them the name of a red-kneed tarantula. Like other arthropods, the red-kneed spider must shed its skin in order to grow as its exoskeleton can't stretch.","Red-kneed tarantulas are carnivores and prey on other animals, including insects, small mammals, birds and reptiles.","Mexican red-kneed tarantulas are listed as vulnerable on the IUCN red list of threatened species, and they are poached unsustainably for the pet trade.  A study made in collaboration with ZSL, also found they are threatened by habitat loss, mostly due to urban development. The growing number of roads being built presents a deadly obstacle for wandering males looking for a partner, and is contributing to population fragmentation.",https://www.londonzoo.org/whats-here/animals/mexican-red-kneed-tarantula,https://cms.londonzoo.org/sites/default/files/styles/responsive/public/1920/2240/1/2023-01/Agatha%20the%20Mexican%20red-kneed%20spider%20at%20In%20with%20the%20Spiders%20%28c%29ZSL.jpg.webp,Tiny Giants,Open,Vulnerable,Araneae,Theraphosidae,Mexico,Unknown,The Mexican red-kneed tarantula is native to the western faces of the Sierra Madre Occidental and Sierra Madre del Sur mountain ranges in Mexico..,,,,
Mountain chicken frog,Leptodactylus fallax,,,,https://www.londonzoo.org/whats-here/animals/mountain-chicken,https://cms.londonzoo.org/sites/default/files/styles/responsive/public/1920/2240/1/2024-03/mountain-chicken-frog.jpg.webp,The Secret Life of Reptiles and Amphibians,Temporarily closed,Critically Endangered,Anura,Leptodactylidae,Dominica and Montserrat,Forest,"These frogs care for their young, as pairs produce a foam nest to lay their eggs into.","The tadpoles are then fed unfertilised eggs by the female to feed on during their development, producing between 10,000-25,000 eggs..","Our conservationists along with other conservation zoos helped save the species from extinction in 2009, by airlifting them to the safety of a dedicated breeding facility.","Today we're continuing to work to restore mountain chicken frogs, through leading scientific research and breeding them at a Secret Life of Reptiles and Amphibians..","We are a part of the collaborative Mountain Chicken Recovery Programme, which is leading cutting-edge mountain chicken conservation.."
Naked mole-rat,Heterocephalus glaber,,"Underground roots, bulbs and tubers. They don't drink, but get all the water they need from food. They also eat their own poo to maximise nutrient uptake.",,https://www.londonzoo.org/whats-here/animals/naked-mole-rat,https://cms.londonzoo.org/sites/default/files/styles/responsive/public/1920/2240/1/2023-03/shutterstock_1035296635.jpg.webp,Night Life,Open,Least Concern,Rodentia,Heterocephalidae,East Africa,Underground,Underground burrows across the arid savannas and shrublands of the Horn of Africa.,"They live together in colonies of around 75 individuals, with one breeding female called the queen..",,,
Northern white-cheeked gibbon,Nomascus leucogenys,"Northern white-cheeked gibbons are a sexually dimorphic species, meaning that males and females have different coat colourings. While males have black hair all over their bodies with the exception of their distinct white cheeks, females are reddish/grey in colour, with dark brown/black hair fur on the crown of their head and back of the neck. One of the most distinctive features of the northern white-cheeked gibbon is their long arms, up to 1.4 times as long as the legs, enabling them to swing through tree canopies with ease.","Mostly fruit, with some leaves and insects.","Deforestation for farming and timber production is reducing their habitat. In their stronghold in Laos, 60% of their forests may be lost in the next two years which is within just two gibbon generations. These gibbons are also poached for food and traditional medicines, while their babies are sold into the illegal wildlife trade to be which we are fighting against across Asia in ZSL. At ZSL, we are fighting to save the Hainan gibbon, which is the most endangered ape and very similar to the northern white-cheeked gibbon.",https://www.londonzoo.org/whats-here/animals/northern-white-cheeked-gibbon,https://cms.londonzoo.org/sites/default/files/styles/responsive/public/1920/2240/1/2022-11/LZ-Gibbons-18-November-2019-LZ-Gibbons-IMG_0545.png.webp,Tiger Territory,Open,Critically Endangered,Primates,Hylobatidae,Vietnam and Laos,Rainforest,Vietnam and Laos.,"Laos is the main stronghold for the remaining population, but hunting for the pet trade and traditional medicine is an ongoing problem.","They range previously included parts of China, where the species are sadly now extinct..","Our treetop gibbon habitat is home to duo father and son Jimmy and Yoda, you can watch our pair swing across trees and ropes.",Come to face-to-face with our pair through floor to ceiling windows offer a view across the gibbons' elevated world..
Okapi,Okapia johnstoni,"Okapis can eat over 100 different types of plants including their leaves, bark and fruit.","Okapis can eat over 100 different types of plants including their leaves, bark and fruit.","Okapi are shy and usually harmless herbivores threatened by deforestation, poaching, armed conflict and illegal mining that has caused their population to drop dramatically in recent years. Because of the shy nature and the challenges of fieldwork in the forests of the Democratic Republic of Congo, obtaining accurate and up to date information on the okapi has been a major conservation challenge.",https://www.londonzoo.org/whats-here/animals/okapi,https://cms.londonzoo.org/sites/default/files/styles/responsive/public/1920/2240/1/2022-10/Okapi_hero.jpg.webp,Pink Zone,Open,Endangered,Artiodactyla,Giraffidae,"Central and north-eastern Democratic Republic of Congo, central Africa",Dense rainforest,Book your ticket now to see our okapis at London Zoo.,The only place in the world that you can find a wild okapi is in the dense tropical rainforests of the Democratic Republic of Congo.,It is hardly surprising then that they are the country's national animal and even feature on local bank notes..,,
Philippine crocodile,Crocodylus mindorensis,,"Fish, water birds, lizards and snakes.","Habitat destruction, forest clearance for rice fields and local intolerance leading to persecution.",https://www.londonzoo.org/whats-here/animals/philippine-crocodile,https://cms.londonzoo.org/sites/default/files/styles/responsive/public/1920/2240/1/2022-12/shutterstock_1762673150.jpg.webp,The Secret Life of Reptiles and Amphibians,Open,Critically Endangered,Crocodylia,Crocodylidae,Philippines,"Freshwater lakes, ponds, rivers and marshes","Fish, water birds, lizards and snakes..","We were the first zoo in the UK to breed this species and we also financially support conservation efforts in the field through our partner, The Mabuwaya Foundation.","The Philippine crocodile is also a ZSL EDGE species, which means they are both evolutionary distinct (ED) and globally endangered (GE).",Through our EDGE programme we are championing species which are a unique and irreplaceable part of our world’s biodiversity..,
Postman Butterfly,Heliconius melpomene,,"As caterpillars they’ll eat passion flower vines, while adults drink nectar and eat pollen.",Habitat loss and pollution.,https://www.londonzoo.org/whats-here/animals/postman-butterfly,https://cms.londonzoo.org/sites/default/files/styles/responsive/public/1920/2240/1/2022-11/DSC_9986.jpg.webp,Butterfly house,Open,Least Concern,Lepidoptera,Nymphalidae,Mexico,Forests,"The postman butterfly has large, long wings with an orange stripe down each forewing.",Try our Spotter's Guide on your next visit:.,"Native to Mexico, this species can also be found living in Central and South America..",This species is associated with slow-flowing streams in pine or pine-oak forests..,"Immerse yourself in Butterfly Paradise, and explore our tropical garden whilst butterflies from across the globe flutter above you.."
Potto,Perodicticus potto,,Fruits and invertebrates (especially insects other animals don;t want to eat) in the wet season and gum from trees in the dry season.,,https://www.londonzoo.org/whats-here/animals/potto,https://cms.londonzoo.org/sites/default/files/styles/responsive/public/1920/2240/1/2023-03/shutterstock_1645994998.jpg.webp,Night Life,Open,Near Threatened,Primates,Lorisidae,West Africa,Forest,"Our pottos are some of the very few found in zoos across Europe, and by working closely with them we are advancing understanding of their behaviour and ecology.  The taxonomy of pottos is still poorly understood, it was previously thought there was 1 species with 3-5 subspecies but it has been established that there are between 3-5 distinct species.",We sent hair samples of ours to Germany for DNA testing which confirmed we have a pair of West-African pottos..,,,
Pygmy hippo,Choeropsis liberiensis,,,"Hunting by people and habitat loss. Many populations of hippos have become fragmented due to logging, mining, farming and other human activity. As pygmy hippos are forced to engage with local communities, they come under more and more danger from extinction. Leopards are their natural predator.",https://www.londonzoo.org/whats-here/animals/pygmy-hippo,https://cms.londonzoo.org/sites/default/files/styles/responsive/public/1920/2240/1/2022-11/A%20pygmy%20hippo%20at%20ZSL%20London%20Zoo.jpg.webp,Into Africa,Open,Endangered,Artiodactyla,Hippopotamidae,Central Africa,Forest,"The pygmy hippopotamus is, as its name suggests, much smaller in size than the common hippopotamus – which weighs approximately five times more.","Pygmy hippos, unlike common hippos, are far more adapted to a land-dwelling lifestyle with fewer webbed toes and a smaller more streamlined head.","Pygmy noses are less prominent than common hippos, which have noses specially adapted to peak out of the water for breathing.",Significantly their eyes are on the sides of their head instead of on top showing enabling them to see better whilst running through forests.,Both sexes have long tusks and are usually difficult to tell apart.
Pygmy slow loris,Nycticebus pygmaeus,,"They mostly eat fruits, tree gum, insects and small vertebrates.",Pygmy slow lorises are often caught up in the illegal wildlife trade because of their perceived 'cuteness'.,https://www.londonzoo.org/whats-here/animals/pygmy-slow-loris,https://cms.londonzoo.org/sites/default/files/styles/responsive/public/1920/2240/1/2023-03/shutterstock_126077390.jpg.webp,Night Life,Open,Endangered,Primates,Lorisidae,"Vietnam, Laos, eastern Cambodia and southern China",Rainforests and bamboo thickets,Pygmy slow lorises are one of the only mammals to produce a toxin..,"Pygmy slow lorises are an EDGE species. At ZSL, we're investing in wildlife conservation at a grass-roots level for the species, to help protect the them and raise awareness for their conservation in their native range and beyond..",,,
Red and yellow barbet,Trachyphonus erythrocephalus,"These kaleidoscopic birds have brilliant black and white speckled wing and tail feathers, a bright yellow breast and red cheeks with a white spot on either side. Males have a black crown whereas the female’s is red.","Fruit, seeds, small birds and insects.",They are sought after for their beautiful feathers and are popular as pets.,https://www.londonzoo.org/whats-here/animals/red-and-yellow-barbet,https://cms.londonzoo.org/sites/default/files/styles/responsive/public/1920/2240/1/2022-12/shutterstock_1646439703.jpg.webp,Blackburn Pavilion,Open,Least Concern,Piciformes,Lybiidae,East Africa,Forests and grasslands,"South-east Sudan, Ethiopia, Somalia, Kenya, Uganda and North-east Tanzania..",,,,
Red Titi Monkey,Callicebus cupreus,"Like the name suggests, these monkeys are recognisable by their red, distinctly fluffy, fur. They have small ears and a small grey face, with a rather flat nose. Their tails are long but not prehensile (meaning it does not grasp or hold things).","Fruit, leaves, bamboo shoots and insects",Birds of prey and cats are a threat.,https://www.londonzoo.org/whats-here/animals/red-titi-monkey,https://cms.londonzoo.org/sites/default/files/styles/responsive/public/1920/2240/1/2022-11/red-titi-monkey-03-WR.jpg.webp,Rainforest Life,Open,Least Concern,Primates,Pitheciidae,South America,Rainforest,"Brazil, Bolivia, Peru, Ecuador and Colombia.",,,,
Red-crested turaco,Tauraco erythrolophus,,"Fruit, berries, flower buds, young leaf shoots and insects.",Habitat destruction.,https://www.londonzoo.org/whats-here/animals/red-crested-turaco,https://cms.londonzoo.org/sites/default/files/styles/responsive/public/1920/2240/1/2023-01/Red-crested%20turaco.jpg.webp,Orange zone,Open,Least Concern,Musophagiformes,Musophagidae,Angola,Tropical forests,"Fruit, berries, flower buds, young leaf shoots and insects..",Tropical forests..,Angola..,You can find the red-crested turacos in the Blackburn Pavilion in the Zoo's Orange zone..,
Red-faced spider monkey,Ateles paniscus,,"Fruits, nuts, seeds, leaves and insects",Forest destruction and hunting,https://www.londonzoo.org/whats-here/animals/red-faced-spider-monkey,https://cms.londonzoo.org/sites/default/files/styles/responsive/public/1920/2240/1/2022-11/Spider-Monkey-02-WR.jpg.webp,Unknown,Unknown,Vulnerable,Primates,Atelidae,South America,Rainforest canopy,"Fruits, nuts, seeds, leaves and insects.","Guyana, Surinam, French Guiana and Brazil..",,,
Ring-tailed lemur,Lemur catta,,"Plants, leaves, flowers, fruit, sap, bark and occasional insects.","Ring-tailed lemurs might be common in zoos, but in the wild they aren’t so lucky. Droughts caused by climate change are destroying the fruiting trees that lemurs depend upon and are forcing local communities to rely on the forest to feed their families. This is piling more pressure on lemurs, which are already struggling against habitat loss and the exotic pet trade. Together we can make a difference, by each playing our part to tackle the climate crisis, we can help protect lemurs and life everywhere.",https://www.londonzoo.org/whats-here/animals/ring-tailed-lemur,https://cms.londonzoo.org/sites/default/files/styles/responsive/public/1920/2240/1/2022-11/Lemur%20at%20London%20Zoo.jpg.webp,Pink zone,Open,Endangered,Primates,Lemuridae,Madagascar and a few small surrounding areas,Dry open areas and forests,The ring-tailed lemur has a distinctive large bushy black-and-white striped tail.,They have white faces with black ringed features and fluffy white ears.,Their coat is otherwise grey with a white underbelly..,"Lemurs have flexible hands with opposable digits but their grasp is quite weak, which means eating large chucks of apple can be a challenge (#lemurproblems)..",Book your ticket now to see our ring-tailed lemurs at London Zoo.
Rodrigues fruit bat,Pteropus rodricensis,,"Fruit (of course) but also flowers pollen and nectar. They feed at night, using their big eyes and super sense of smell to find food.",The devastation of their forest by humans and by cyclones had taken them a hair's breadth from extinction.,https://www.londonzoo.org/whats-here/animals/rodrigues-fruit-bat,https://cms.londonzoo.org/sites/default/files/styles/responsive/public/1920/2240/1/2023-01/shutterstock_84902530.jpg.webp,Rainforest Life,Open,Endangered,Chiroptera,Pteropodidae,"Mauritius, Rodrgiues island",Forest,"Rodrigues Fruit Bats are found forested areas, and can also be seen roosting in remaining patches of both primary and secondary forest..","In the wild these animals are only found on Rodrigues, a tiny island (about 70 times the size of Regent's Park) in the middle of the ocean..",,,
Ruppell’s griffon vulture,Gyps rueppelli,"It is a large vulture, recognised by it general plumage of mottled brown and white markings on underbelly. On their head and neck they have white fluff.","Carrion (animal carcasses), keeping the African countryside clear of carcasses and free from disease.","Habitat loss, hunting for trade, persecution and poisoning.",https://www.londonzoo.org/whats-here/animals/ruppells-griffon-vulture,https://cms.londonzoo.org/sites/default/files/styles/responsive/public/1920/2240/1/2022-11/Griffon-Vulture_122604646.jpg.webp,Land of the Lions,Open,Critically Endangered,Accipitriformes,Accipitridae,West to East Africa,Steep cliff faces,,,,,
Sengi,Macroscelides proboscideus,"Our short-eared sengis are the smallest of all sengi and can fit into the palm of your hand, but most sengi are much larger. The biggest sengi weighs around 700g, around the same weight as a Guinea pig.",,,https://www.londonzoo.org/whats-here/animals/sengi,https://cms.londonzoo.org/sites/default/files/styles/responsive/public/1920/2240/1/2022-11/shutterstock_1591048036.jpg.webp,Rainforest Life,Temporarily closed,Least Concern,Macroscelidea,Macroscelididae,Africa,"Shrubland, Desert","Sengis live all across Africa, apart from the Sahara desert.","Our short-eared sengi live in southern Africa in Namibia, Botswana and South Africa.",,,
Slender loris,Loris tardigradus,,"Insects, small reptiles, birds and eggs.","Habitat loss due to agricultural expansion, At the slightest sound or movement the loris freezes and stays perfectly still until danger has passed.",https://www.londonzoo.org/whats-here/animals/slender-loris,https://cms.londonzoo.org/sites/default/files/styles/responsive/public/1920/2240/1/2022-11/Red-slender-loris.jpg.webp,Night Life,Open,Endangered,Primates,Lorisidae,Southern India and Sri Lanka,Forest,,,,,
Slender-tailed meerkat,Suricata suricatta,,"Insects, small mammals, grubs, snakes, eggs.","Hunted by eagles, servals and jackals. Sometimes culled because they can carry rabies.",https://www.londonzoo.org/whats-here/animals/slender-tailed-meerkats,https://cms.londonzoo.org/sites/default/files/styles/responsive/public/1920/2240/1/2022-11/A%20meerkat%20at%20ZSL%20London%20Zoo.jpg.webp,Animal Adventure,Open,Least Concern,Carnivora,Herpestidae,Southern Africa,Desert and dry open plains,"They forage in groups, taking turns to stand on their hind legs at several lookouts to watch for predators, like birds of prey.","At times of danger, the lookout gives a shrill alarm call and the group scurries for shelter.","Despite their cute appearance, meerkat mobs are territorial and have a strict hierarchal infrastructure in which social positions can impact on an individual’s lifespan.","Meerkats live in large groups, sometimes comprising of several families living in one large community.","These groups are referred to as either a mob, a gang or a clan.."
Spectacled owl,Pulsatrix perspicillata,,"Small mammals, birds, frogs, reptiles, insects and crabs.","Spectacled owls are expected to lose around 20% of their rainforest habitat over the next three generations, around 17 years. This habitat loss is expected to cause a decline in their population of around 25%.",https://www.londonzoo.org/whats-here/animals/spectacled-owl,https://cms.londonzoo.org/sites/default/files/styles/responsive/public/1920/2240/1/2022-12/shutterstock_1392414206%20%281%29.jpg.webp,Unknown,Unknown,Least Concern,Strigiformes,Strigidae,Central and South America,Tropical rainforest and open woodland,Central and South America..,"A sloths’ internal organs, such as the heart, spleen, and liver are all arranged to accommodate living upside-down..","Tamanduas are a small species of anteater, which have massive tongues growing up to 40cm in length..","Squirrel monkeys have the largest brain, proportionally, of all primates..",
Splendid sunbird,Nectarinia coccinigaster,"Male birds can be spotted through their glossy purple feathers and a dark green back. They also possess a crimson breast patch. The female birds are coloured green and brown, with a yellow plumage below.","Mostly nectar but they will also eat insects, which they feed to their young.",,https://www.londonzoo.org/whats-here/animals/splendid-sunbird,https://cms.londonzoo.org/sites/default/files/styles/responsive/public/1920/2240/1/2022-12/sunbird-for-web.jpg.webp,Blackburn Pavilion,Open,Least Concern,Passeriformes,Nectariniidae,West and central tropical Africa,Wet savannah and forests,,,,,
Sumatran tiger,Panthera tigris tigris,Deep orange coats with broad black stripes. Sumatran tigers have the darkest coats of all tiger subspecies and long whiskers.,"Mainly wild cattle, wild pigs and deer.",Illegal hunting is a serious threat. Their skins and body parts fetch high prices on the black market.,https://www.londonzoo.org/whats-here/animals/sumatran-tiger,https://cms.londonzoo.org/sites/default/files/styles/responsive/public/1920/2240/1/2022-11/Gaysha.jpg.webp,Blue zone,Open,Critically Endangered,Carnivora,Felidae,"Island of Sumatra, Indonesia",Tropical rainforest,"From their history to their impressive hunting skills, there’s always something new to learn about everyone’s favourite big cat..",Tigers are both good swimmers and climbers with powerful muscular builds and large claws.,"In order to catch prey, they hunt alone.","They get as close as possible to their prey using their stripes as camouflage to stay hidden, then spring into attack, killing the prey with a bite to the neck..",In tropical rainforest..
Tamandua,Tamandua tetradactyla,,,"Tamanduas are currently doing well in the wild, but they are sometimes hunted for meat, attacked by domestic dogs, or sold as a pet species",https://www.londonzoo.org/whats-here/animals/tamandua,https://cms.londonzoo.org/sites/default/files/styles/responsive/public/1920/2240/1/2022-12/Paco%20the%20tamandua%20at%20ZSL%20London%20Zoo.jpg.webp,Rainforest Life,Open,Least Concern,Pilosa,Myrmecophagidae,South America,"Forest, Savanna, Shrubland","Tamanduas are currently doing well in the wild, but they are sometimes hunted for meat, attacked by domestic dogs, or sold as a pet species.",Step into London's only living rainforest and meet its incredible residents.,,,
Waldrapp ibis,Geronticus eremita,"The waldrapp ibis is a large bird standing around 80cm tall, covered in black shiny feathers. Unlike other species of ibis bird, its face and head features no feathers and is pale red in colour, along with its downward curving bill and long legs.","They eat a variety of small animals, including lizards and insects.","Different colonies of waldrapp ibis face different threats. For example, in Morocco, the species threatened by illegal building work and disturbances close to the cliffs where they breed. Meanwhile, hunting is a major threat to the extremely small population of waldrapp ibis that remains in Syria.",https://www.londonzoo.org/whats-here/animals/waldrapp-ibis,https://cms.londonzoo.org/sites/default/files/styles/responsive/public/1920/2240/1/2022-11/northern%20bald%20ibis%20at%20ZSL%20London%20Zoo.jpg.webp,Tiger Territory,Open,Critically Endangered,Pelecaniformes,Threskiornithidae,"Morroco, Spain, Turkey and Austria",Shrubland and rocky areas,This species can typically be found in rocky habitats where there is running water nearby..,"Morroco, Spain, Turkey and Austria..",,,
Warthog,Phacochoerus africanus,"These wild pigs have four sharp tusks, two upper that are large and curved and two lower and sharper that they use to dig up roots and bulbs. They have sparse hair in patchy tufts but are largely bald. Both males and females have ‘warts’ that are protective bumps on their faces giving them their name. Males have bigger ‘warts’ to cushion blows during fights with other males.","Grasses, roots, fruits, bulbs and carrion","They are hunted for food by humans, crocodiles and big cats. They can jump over two metres into the air trying to avoid danger.",https://www.londonzoo.org/whats-here/animals/warthog,https://cms.londonzoo.org/sites/default/files/styles/responsive/public/1920/2240/1/2022-11/Warthog-FF.jpg.webp,Pink Zone,Open,Least Concern,Cetartiodactyla,Suidae,Southern Africa,Grassy plains and open woodland,,,,,
Western lowland gorillas,Gorilla gorilla gorilla,,"Fruits, leaves, seeds and stems. Our gorillas each eat 5kg of food every day.","Our researchers at ZSL are working to better understand the bushmeat trade to help people living with wildlife. By working together to help reduce local people's reliance on wildlife, we can better protect gorillas. At Mikongo Conservation Centre in Gabon, we've worked with local people to develop low impact tourism based on viewing of forest wildlife, to provide a sustainable income for both park and local community. This project also monitored the health of gorillas and their visitors to protect gorillas from illnesses like the common cold, which can be fatal for gorillas. Diseases like Ebola, are also a real threat to western lowland gorillas and local people.",https://www.londonzoo.org/whats-here/animals/western-lowland-gorilla,https://cms.londonzoo.org/sites/default/files/styles/responsive/public/1920/2240/1/2023-01/Kiburi%20in%20Gorilla%20Kingdom%20at%20London%20Zoo.png.webp,Gorilla Kingdom,Open,Critically Endangered,Primates,Hominidae,"Cameroon, Central African Republic, Gabon, Congo and Equatorial Guinea",Forest,"Western lowland gorillas have shorter hair than the mountain gorilla because they live in hotter rainforests, and they often have a red tinted hair on the top of their head.","The western lowland gorilla also eats much more fruit than the mountain gorilla, with 30% of their diet made up of fruit whereas mountain gorillas eat no fruit.","western lowland gorillas often climb trees in the wild to find fruit, whereas mountain gorillas rarely climb..","Gorillas live to be around 50 years, but conservationists are still learning their average lifespan..","Cameroon, Central African Republic, Gabon, Congo and Equatorial Guinea.."
White-naped mangabey,Cercocebus lunulatus,The white-naped mangabey has grey-brown fur with a white underside and long black stripe that runs down the back.,"Mangabey monkeys have large cheek pouches in which they store everything they eat, mainly fruit but also leaves, nuts, seeds, insects and spiders.","Deforestation and hunting have decimated the mangabey populations making each individual monkey incredibly precious. Many of their forests are being converted into rubber plantations, something we are fighting at ZSL through our SPOTT platform.",https://www.londonzoo.org/whats-here/animals/white-naped-mangabey,https://cms.londonzoo.org/sites/default/files/styles/responsive/public/1920/2240/1/2022-11/Ziggy-the-white-naped-mangabey-%28C%29Sheila-Smith-ZSL-%288%29.jpg.webp,Gorilla Kingdom,Open,Endangered,Primates,Cercopithecidae,"Burkinda Faso, Côte d'Ivoire and Ghana",Forests,On the ground and in the trees of tropical forests..,,,,
White's tree frog,Litoria caerulea,"Large, plump and green in colour, the White's tree frog can grow up to 11.5cm in length. This species also features a distinctive fatty ridge above their eyes. Their limbs are short and strong, with large adhesive discs at the end of the digits providing grip for climbing.","Insects such as moths, cockroaches and locusts. They have also been known to eat spiders, small frogs and mammals.",Pollution and habitat loss.,https://www.londonzoo.org/whats-here/animals/whites-tree-frog,https://cms.londonzoo.org/sites/default/files/styles/responsive/public/1920/2240/1/2022-11/White%27s-Tree-Frog.jpg.webp,The Secret Life of Reptiles and Amphibians,Open,Least Concern,Anura,Hylidae,Australia,"Dry forest, woodland and grassland",Komodo dragon facts.,"White's tree frog are native to northern and eastern regions of Australia, as well as the lowlands of New Guinea..","From king cobras to Ethiopian mountain adders and Chinese giant salamanders, we have something for every reptile and amphbian lover..",,
